person_id,complete_name,age,address
d0eb7350-ce10-42a2-bab1-cb66319bdfa6,Leah Wright,26,"5942 Phillip Ridge
West Hannah, WA 76733"
06ada2a9-ec6e-4306-b83b-33af4489fca0,Jonathan Hill,26,"390 Shelley Ways
Boydburgh, NY 48020"
acf71426-adca-4f48-87d6-4978dc538448,Anne Dougherty,28,"USCGC Thompson
FPO AE 51140"
07017851-e9cc-40d2-a0f3-e82819761e72,Lydia Hall,41,"5511 Miller Dam
West Michael, UT 03004"
d116bb8a-43df-42a5-9575-5af33e088ec9,Brianna Washington,28,"70072 John Keys
New Amandaport, OH 85289"
4584f105-fe69-41e7-83b3-b18ed8a5be9b,David Brady,29,"USNV Lynch
FPO AP 39137"
5cf01dc4-1482-429a-a6aa-6997f0363b0b,Michael Adams,28,"130 Sandra Trafficway Apt. 014
Jenniferside, NV 47208"
376cd5ff-8eac-4563-8760-eb0b5f883b0f,Madison Webster,27,"823 Jennifer Village
North Taylor, NH 59759"
7ea1a445-4253-4d9a-8e79-53c500162c65,David Knight,35,"21242 Stephenson Stream
Sanchezport, DE 87881"
a0e69daa-5c60-412c-8969-d1d624dfd7a4,Justin Gordon,40,"338 Hannah Isle Apt. 640
Eileenhaven, GA 34340"
66641396-de88-4d00-b51d-c0dd8265a94c,Cesar Osborn,17,"15680 Robinson Mall
Lake Mackenzie, NC 83230"
94e38f66-33f5-4c42-aac7-5a3779654212,Gregory Graham,21,"177 Daniel Crossing Apt. 711
Port Patrickfurt, RI 75439"
6c94b1d7-0372-4306-9db3-805577f4d279,Marie Fox,37,"9711 Mason Roads Suite 404
Sarahland, LA 75140"
82149b6c-3ed4-489c-8adf-1a171b31faf4,Gabriel Parker,41,"46386 Deborah Groves
Lewischester, GA 31935"
a64bd485-6b9f-49b2-8255-8c0f2a182115,Nicole Richardson MD,22,"2385 Cantrell Route Apt. 204
West Pamela, MI 49143"
0563eee4-6d2e-44ab-a5e6-0d482f51aad1,Timothy Wheeler,39,"486 Thomas Terrace
Perezton, DE 38179"
0a8aba6b-218a-4a14-96ec-dce3ab19d3e7,Nancy Glass,32,"453 Rose Bypass Suite 935
Banksland, TX 32897"
852cf139-7195-4e18-9ff4-c25d0366881f,Marvin Fisher,27,"992 Smith Plain
New William, ND 02690"
691ce2f4-3079-4eca-8c98-0c44e9f63b7a,James Gonzalez,24,"750 Julia Trail
East Roger, MA 53476"
44da0bd1-0974-48e7-b116-42d2162da886,Craig Scott,29,"065 Patricia Square Suite 514
New Samanthamouth, MO 55606"
8bdd5d9b-ebe1-497b-84cb-98c602d40a1c,Stephanie Cruz,28,"914 Frank Stream Suite 852
Hayleyville, VT 80334"
053a7b91-00a2-4452-be2a-d664a2d94896,Jaime Price,37,"2692 Mary Plains
South Todd, NC 79412"
bc3abb6c-0fa8-4d96-9cf0-7f04c042c246,Joshua Smith,24,"867 Stone View Apt. 799
Robertborough, TN 84890"
90121e08-9fd9-4579-a537-9830c82de9d8,Tammy Brown,31,"03893 Todd Prairie Apt. 577
Hillfurt, WV 40781"
8fff518d-75c2-41fd-913f-dd3907369719,Cameron Morris,29,"740 Barbara Rapids Suite 677
Buchananfurt, AR 20643"
21438af3-7dba-42b7-ab63-3dee657e70d3,Victor Smith,32,"PSC 3628, Box 1769
APO AE 72520"
bd1f18b6-8657-4a91-b5c7-9186b77d5351,Terri Hill,42,"Unit 1966 Box 1227
DPO AE 01134"
ca56ace2-7cdf-44a7-89ac-8d833a01bfac,Kristine Jones,37,"1716 Teresa Vista Suite 017
Sandraview, WY 34802"
087acbe4-0c32-4016-9c73-7281f353fdd5,Amy Johnson,26,"8875 Justin Orchard Suite 575
South Michele, HI 80277"
1ae4bc9d-0789-4a25-bde5-ef3ce419876e,Michael Beasley Jr.,32,"3982 Jessica Shoals
Andreaside, CA 00620"
eb83c68a-775e-4892-9b7b-a2bf057b2b17,Kara Phillips,18,"702 Moore Course
Lake Katie, MN 42535"
89ec0d78-5652-431e-849c-3650e277b2d1,James Green,45,"74718 Stacy Causeway
Annaland, VT 89252"
6fb34e28-4b03-4daf-a9c4-d5c267a26761,Kevin Reid,44,"0753 Morgan Locks Apt. 318
Markshire, TX 34407"
815a63c3-1c3e-4637-ba8d-bcc464ccbddc,Daniel Hudson,16,"7877 Calhoun Forges
North Valeriefort, GA 85295"
24e7e378-5b7a-4b0c-891a-cdd7f1b45f2b,Julia Ross,17,"848 Sharon Trafficway
East Haley, MT 56864"
24ae34f3-cef1-4e15-baad-7adc1542f361,Bethany Newman,40,"811 Mullen Via
Garciafurt, AZ 20858"
0d548f9f-0364-432b-9d9a-e3847f7b05f8,Dr. Melanie Jackson,34,"3543 Jessica Route Suite 656
North Markfort, PA 47948"
807a90a6-3103-4cef-944a-304a663b58e1,Timothy Porter,39,"419 Young Passage
South Stephanietown, NM 72796"
f6f2cca1-db34-4cac-9e60-aa0629d7cd71,Teresa Russo,36,"3791 Sanchez Rest
East Joseph, IL 83214"
1d67a3ff-ab4d-4b5e-81a4-4188e843e8d5,Rick Medina,17,"24340 Mary Well
Ayalaview, VT 68735"
e3d1e9ab-01fb-4ade-ae58-8449f8fbe742,Nancy Miller,42,"13288 Moody Ridge
Port Tonyaburgh, NY 24591"
57dfedf3-0344-4139-b285-264e7fe81996,Theresa Chan,22,"4353 Gregory Roads Suite 672
New Shannon, MA 63090"
b43e0eb0-9d14-4004-a2c7-f7021b822219,Lisa Mendez,32,"8498 Wilkinson Extension Suite 343
North Jennifer, MI 77457"
0c504bb9-49a6-4676-978c-95364a3f06e5,Brandon Riley,42,"3030 Tran Road
New Michaelville, PA 18920"
7244b05e-9676-4661-b735-eef14fd94951,Emily Harris,33,"078 Brown Dam
Williamsborough, CO 47270"
250343f4-b757-4c3f-aaea-d7d3ddb14744,Jane Johnson,30,"22272 Frederick Lodge Apt. 687
South Wesley, WV 40483"
ef4fa263-0746-4761-a0a6-f1316af7ce7e,Christine Mack,42,"36825 Nicole Forest Suite 906
Tonyaside, CA 38649"
149ed88c-c521-4450-97c0-fb0f2d931b3f,Lisa Reyes,31,"42680 Steven Ports Suite 039
Port Ashleyton, ND 52954"
901ccbb9-5245-4f35-8ae4-10f57409131d,Dawn Mcmillan,21,"70621 Michael Ports
West Reginald, VA 85998"
1d71882d-180a-46ba-a772-c892e72b0dbe,John Hernandez,30,"697 Sanchez Plaza Suite 604
Frankhaven, MT 96953"
387adada-5c43-4ca2-9060-5b120db01bb9,Ruth Kim,27,"1403 Moore Spur
Bryantbury, CA 60602"
c8e9b7f0-08b2-4fb8-b29a-abed728ce060,Jillian Gill,28,"59982 Jessica Pass
Wayneborough, ND 18719"
1c5e8057-31f7-4bd5-b42f-2b706c302fa9,Brendan Combs,28,"5076 Lori Walks Suite 155
Bowenland, VT 97935"
299d9cb3-e9ba-401b-bf6d-bc5d396d0f7b,Theresa Page,35,"19301 Garcia Shoal
Hernandezburgh, MA 81887"
0803d9ee-2acf-4f9e-bc35-976203f7bb8b,Joseph Lowe,38,"468 Arias Causeway
North Cassandraburgh, NE 71283"
08324d2a-58f4-4fa7-8122-c38d01277536,Joseph Marsh,41,"564 Cory Spurs
Bennettview, DE 59202"
f370f0d1-adf7-4890-acf3-d8391c35ad7a,Brandon Woodward,20,"527 Michelle Center Suite 262
Vancefort, AR 43667"
5a16fe64-7e5c-462a-89d3-c5ce7e888c34,Kelly Cox,27,"141 Eric Neck
East Jamesmouth, MO 24961"
ee916f74-ceea-494a-b7e4-2445b2b87434,Angela Orozco,37,"15348 Nicholas Knolls
East Karenhaven, DE 23465"
169ebd4d-1b58-4392-bd02-73e293465af8,Glen Marsh,27,"8024 George Field
Port Elizabeth, WY 42846"
045e61c1-58da-47af-8c78-433a49d5f7ed,Joshua Marsh,29,"45778 Martin Park
West Victorburgh, IN 87479"
11cec2dd-d5c8-4f64-9570-a75c6715c1ef,John Ross,43,"2374 Katie Place
Jamesmouth, WV 37923"
e415762c-5c8a-4608-9b8a-c39a8ea3f38c,Thomas Vaughan,32,"USNS Sanchez
FPO AP 93149"
3bf7e07f-e287-4c5b-8bd0-8a8d73853ebc,Sean Roach,45,"USNV Kaufman
FPO AP 56068"
33a87481-379e-4b81-ad6c-9de48d82013a,Nicole James,39,"13655 Morales Canyon Suite 961
New Glenn, AL 56208"
31a589da-19d7-44d1-b04c-9856fe3d0756,Isabel Johnson,25,"074 Case Cape
Louistown, AL 10199"
a9a3ac56-0621-4c17-951a-001a29453465,Michaela Gallagher,33,"649 Nelson Square Suite 155
Aaronland, RI 72424"
fe800ee8-68cd-4242-b799-6411a3da6865,Jonathan Luna,34,"84477 Laura Walks
West Josephfort, DE 36239"
3d4c931f-310a-448a-9e03-826c3fa6da61,Christopher Brown,44,"USNV Crawford
FPO AP 52849"
37fddb96-4c78-4edc-860e-b854a1ab853e,Jon Gibson,28,"Unit 7042 Box 4144
DPO AE 72127"
5d5751ae-837f-4c0a-9455-990904ae2cce,Joseph Thomas,26,"USCGC Morgan
FPO AP 54347"
fed0c95b-74b6-4087-891b-dee1483f5f5d,Keith Young,18,"7556 Tiffany Highway
Russellville, NH 22165"
c3fa2044-7880-4114-a00c-5a488fd20790,Nancy King,17,"545 Kim Port
East Karlberg, GA 68232"
8c333f9b-af38-4a0c-8bdc-428ffa061312,Anthony Hernandez,19,"9623 Amanda Fords Apt. 237
West David, MN 32799"
30e047dd-eceb-4205-b223-499e1206e171,Alan Watts,27,"49864 Wagner Plaza
Jayfort, AL 08267"
b221243f-7863-4365-b1b6-40aa0aa9261d,Jonathan Roberts,18,"476 Rivas Glen Apt. 292
South Amychester, IL 55614"
24235dd0-4892-46bd-984c-056910199b0a,Kathy Abbott,19,"USS Smith
FPO AP 61214"
5f17afda-a90f-4695-b400-4b721dbc9291,Charles Adams,44,"3114 Jessica Stravenue
Lake Jessicaburgh, NE 00689"
50bf9c33-7300-4248-9aca-35c55c6fd773,Dr. James Lewis,30,"Unit 2046 Box 6410
DPO AE 82328"
37e44caf-31f9-4b46-afbb-c16d9b94c26e,Amy Cantrell,35,"348 Morris Manors
Port Aaron, WI 47463"
1cc3ac40-9a6c-4792-ae7d-24adcb69b027,Robert Cochran,30,"3141 Hannah Highway
Lake Meganfort, WV 51118"
77120f3b-9b69-43a9-9045-c75292c3c99d,Michael Rodriguez,39,"3743 Jeffrey Union Apt. 933
Mckinneyhaven, DE 53533"
312ffca1-e0d2-4843-a2e3-ca1984f25d7b,Valerie Adams,23,"20866 Jack Keys Suite 980
Lake Melissa, CA 49761"
51c3fb8f-c26f-4808-a69a-3f728256cf7a,Michael Carr,22,"USNS Monroe
FPO AE 88080"
b87f7b88-6146-4bae-a10e-882beca48080,Christopher Lee,17,"39754 Gilbert Fork
Williamview, ND 27181"
fe41517e-bae5-4806-9496-1483593e3f6f,Tonya Garcia,36,"166 Gregory Hill Suite 623
New Wendyborough, OK 62477"
f6271685-c7f9-4d93-a58c-7a115a7c5669,Judy Miller,28,"45421 Chan Fords
East Mark, MO 85869"
b7ca22f7-7dbe-41ea-939b-31c001d84436,Margaret Ross,30,"666 Burns Fort Suite 406
South Ryanmouth, KY 37322"
4b1e503d-8c60-4b4f-95b2-2f50caee4d0b,Amy Francis,35,"Unit 9067 Box 5668
DPO AE 96556"
5565ac1e-4c2a-4fd8-b990-7a11d594dc0e,Michael Fleming MD,16,"6336 Zimmerman Mountain
Allenmouth, IA 39075"
e9bce691-11f2-487a-8269-1f66f289a3c4,Matthew Smith,33,"PSC 9454, Box 0271
APO AP 50594"
412e18a0-0bd2-4b29-ae09-bae70f08cc27,George Bailey,27,"23420 Jeffrey Stream
Lake Robertmouth, TX 74148"
121d1339-2133-4352-93fa-7d67e28f9c3a,Amanda Morrison,31,"7395 Chavez Plaza
Michaelview, PA 50633"
6d1012bc-d57d-4095-87f9-8ef9767987d5,Laura Gilbert,40,"8805 Jackson Falls Apt. 032
New Amyville, ME 92545"
acccdc2e-f7b6-4d4e-b4dc-fc9114aa3819,Rachel Brown DDS,21,"969 Sara Estate
Stevensburgh, WI 33512"
c9a333ed-9f91-41f9-9d36-79a485055efc,Christopher Clarke,41,"02958 Horne Corners
Justinview, NE 82283"
28d022db-ebb8-4fa2-9002-37bb927bfaed,Peter Saunders,35,"2651 Smith Pike Suite 405
South Michellehaven, OH 50471"
3459215a-9697-408f-bd57-f564d5fb3381,Gabriela Levine,35,"89733 Mary Vista
West Vincenthaven, NE 82999"
b1244968-4adc-4775-b8af-f73fef3f4aaf,Renee Scott,26,"87366 Tracy Forks
Lake Christopher, MO 31710"
b5e628ea-3e7b-44a2-a390-983d416bf177,Luis Ramos,24,"9454 Graham Turnpike Apt. 375
New Jason, NV 67840"
34d40a00-18f9-4fa5-9973-ffd5d8663c6f,Melissa Hendrix,24,"31643 Soto Ports Suite 084
South Christopherport, NE 49662"
46cbb5a6-ea46-48dc-8ba7-d04358e80cfa,Ashley Taylor,29,"55425 Hughes Land Suite 374
West Michaelside, CA 12104"
282c9d21-c840-4a36-b36b-59907bf676b9,Kristen Conner,20,"6479 Mcconnell Parkways Apt. 299
New Christopherfurt, WI 40451"
3c26b789-7062-46e1-bdd6-fec888176ed8,Julia Bauer,38,"Unit 0206 Box 2050
DPO AA 46938"
dc3b2048-f737-48a8-b004-8b20dcc87b37,Mx. Frank Crawford,26,"234 Kennedy Parks
Port Donna, NH 08560"
85baade6-8e81-48bd-8aca-835d7e88169e,Tasha Dixon,30,"457 Key Heights Apt. 355
East Jenniferport, IN 45354"
59358747-d58a-404d-9c74-7340770f24ab,Sherry White,19,"11510 Wang Road Suite 194
West Kimberly, HI 05315"
ac080708-d034-4591-87d7-44a4169efe19,Stephanie Blackwell,28,"0898 Carol Crossroad
Brianborough, DE 42620"
38d71ba8-9c05-4cea-8760-437ec1f7ce11,Jennifer Richardson,27,"7147 Douglas Canyon
Port Rebeccastad, AL 42020"
ec27f41e-b786-4aa4-9b35-57059e3b2671,Michael Davis,27,"1086 Linda Mills
South Tonyview, OH 55839"
609c9ddb-a45c-421b-bce2-4fc75ddc85ea,Donald Carter,38,"PSC 7208, Box 3665
APO AE 86320"
8e2cb852-2d27-4a31-8c63-349f9061e641,Danielle Pham,37,"954 Renee Harbors
Port Juliastad, NM 13729"
8bff5fe0-1b53-46c3-a6f5-e68889c2a24c,Evan Smith,35,"28800 Miranda Mountain
Griffinfort, VA 13673"
92e83262-ac2b-492d-8827-19848eecb81b,Steven Marshall,29,"1556 Fisher Locks
Johnsonfort, HI 85757"
fcef0602-cff9-446a-ab89-7048d7a161c0,Samantha Brooks,38,"PSC 4660, Box 5732
APO AE 80762"
3ab33a74-06f9-4992-abab-d19aef854575,Clinton Morales,43,"7447 Mitchell Mission
West Janet, CO 12394"
930222e4-f8f4-4357-953d-b4a02fc8c6a3,Mitchell Khan,18,"511 Billy Port Apt. 807
Kathyville, PA 88525"
30edad71-d3f3-479f-87ad-f093880ccf80,Johnny Higgins,27,"144 Scott Courts Apt. 517
South John, NM 27226"
521ef4ee-c4c4-42d9-b510-f51bbbe816cf,Kim Pittman,39,"98500 Karina Greens
Josestad, ND 64467"
158b4bac-1f61-4bc7-b24f-46d4b0e62e30,Michelle Anderson,44,"790 Curtis Cove
Shelbyport, WI 39522"
903a20b0-0a0f-48c8-8642-1144c6d8e5a2,Travis Wiley,39,"4798 Alison Lake
Lake Dillon, CA 34382"
13a6c635-2f20-4e22-9e76-c3761d1111be,Frank Ortega,29,"526 Dylan Neck
New Scott, NV 82333"
b52365e0-9026-4637-8822-20416d82bfac,James Duncan,33,"509 Jack Land Suite 576
North Jeffreybury, AL 03471"
4c1e438a-2b8c-4f84-a22a-869eea346661,Tabitha Vance,18,"718 John Harbor Suite 510
Mayoborough, CT 49495"
1571ebf9-e8a0-4803-b4f9-2da61c69812a,Kristen Taylor,20,"821 Jonathan River
New Brettton, AL 52844"
19045f52-a35b-4354-b120-ce5268080e33,Joseph Parker,23,"059 Gary Square
Janetbury, MI 80097"
9fb03b99-8cae-49e1-860e-a0743559d282,Ricardo Harris,29,"USS Dean
FPO AE 55698"
92f34e2d-a44b-47d7-be8b-12ec157ca258,Jacob Rodriguez,45,"PSC 0153, Box 8334
APO AA 11184"
af1aa870-d9a6-41dc-98c5-3f48787d5d9e,Brent Atkinson,36,"7470 Gregory Gardens Apt. 786
South Matthew, OH 57601"
bd61555e-ddcc-4798-955a-8c4b45b6c0c8,Ryan Davis,20,"44027 Vanessa Skyway Suite 672
New Mark, CA 78510"
b0f13650-6c72-4fd9-b975-d9cf61f3b81e,Mx. Rachel Hood,28,"41747 Ashley Knolls
West Natalietown, AL 06647"
e37f3aa1-e087-4616-bca9-9ac77694ae9d,Sandra Hill,37,"9931 Jackson Spur
Thomasbury, MT 36954"
d1a7e5e4-4991-44fe-a177-f1772ec4bb7b,Whitney Houston,17,"54837 Hill Lodge
East Rhonda, OH 24106"
f38fceab-26bc-4470-b68a-ee5e67cc540d,Marissa Harris,28,"0512 Brian Road
East Lisaburgh, WV 35812"
6b4f6269-2a48-49c0-a9e1-b5837d25c9f7,Jessica Torres,35,"047 Richardson Point Apt. 896
Carolland, RI 87047"
0834f1c0-8951-4351-a191-dba7a0c588ab,Joshua Andrade,29,"50235 Cathy Mall
Campbellberg, CT 30413"
e3bfce67-39ea-43ed-a088-e5bb25a47cd7,Nathan Chen,31,"01766 Castro Plaza
East Ashleyborough, MD 22840"
a22d78d4-4076-49e8-ad00-fddf269f37b9,Daniel King,35,"770 Amy Overpass
Laurenburgh, OK 46345"
2c288c88-2944-412f-bd7e-37f76fe071ae,John Johnson,17,"14001 Cook Ferry Suite 412
East Bailey, DC 36151"
2cfe6aa5-d320-4f47-8000-d74e40d35f77,Wendy Bailey,45,"PSC 6320, Box 7436
APO AE 19256"
29e5fb7b-782c-4bf5-bc1b-e0604fe971cd,Tiffany Fernandez,20,"8540 Joseph Lake Suite 614
Porterchester, DE 22351"
45e9a922-e602-4e8f-be77-d6486779ae0f,Terrance Atkinson,40,"0279 Gonzalez Hill
East Hollymouth, MD 09554"
81bf0b99-99aa-4211-92be-2315810ee347,Tom Coleman,41,"9370 John Place Suite 805
Greenburgh, ME 82972"
675586d3-68e3-4faf-a268-908868f37b29,Jessica Davis,21,"01975 Scott Keys
Melissaburgh, MD 10919"
9ad84232-caab-4f37-b6f0-9d30d0f49513,Mark Garrison,29,"2276 Henry Camp Apt. 090
Coleberg, AL 34310"
c6b7fe8d-9f47-4322-ba84-bbe0a4b00712,Samantha James,20,"1808 Brewer Keys
Wallacefurt, AZ 47096"
d354552d-d8ca-4e0b-8fe6-a05ce7a1f75c,Anthony Hunt,27,"201 Hamilton Isle
Port Hannah, IL 83802"
90248411-277f-4aa3-8d07-d81132593294,Jeffrey Davis,18,"2312 Jeffery Extensions Apt. 837
Lake Christineside, UT 70443"
47a5f451-2bde-4855-844a-c26cd265c282,Mark Rich,29,"85239 Stephen Ville Suite 296
Chandlerstad, AL 94081"
a681191e-b20b-418b-a7da-97c45b881aeb,Evan Meyer,40,"13809 Katherine Road
Johnsonville, NJ 72917"
c37612b5-3a7b-4cdd-95f9-393a60df43e9,Michelle Escobar,37,"5992 Amanda Neck
Bishopchester, CO 11255"
11b18d52-42bd-4cfb-8cc4-05796ffdff49,Alan Le,31,"6298 Gardner Plaza Suite 315
West Charles, AR 91225"
5367930f-dc27-46a6-a8fa-8a53bdc7edec,William Brown,29,"42893 Alex Trail Apt. 741
West Tonybury, PA 64266"
10ac1b7d-7bb8-40de-a3f0-d277761f5a11,Matthew Lucas,17,"USNV Willis
FPO AA 17821"
858b1c39-be48-4b1c-b6cf-e923d7e8e38e,Sandra Smith,28,"811 Jesse Loop
North James, TX 09703"
86d76cd7-22e5-451f-8fc7-0db7abcffcc2,Sarah Boyer,30,"46151 William Plaza Suite 728
East Elizabethville, KY 38123"
7ac4636c-a143-45b9-a07f-7250c3b85ae0,Christopher Perez,37,"889 Brian Dam Suite 235
Scottville, AL 56278"
0ccc97c0-b94b-455a-bdda-4b1a53ff0854,Daniel Ellis,35,"494 Andrea Camp Suite 877
East Stephanieburgh, AK 02832"
02f0f461-6ab4-44fc-ae62-f7e5436b62d8,Adam Jones,35,"Unit 9888 Box 8441
DPO AP 14565"
2c6245b4-b147-4a5f-9bb7-fadf6797a4bc,Jeffrey Perez,38,"4706 Mccormick Mission Suite 690
South Haleyfurt, MI 36370"
59ac819b-d9f7-4a3c-8c5f-decfffd0e109,Ricky Peterson,40,"142 Reed Highway
West Denise, VA 28107"
8cbbccb9-a73e-41be-8c2f-e2e88b7df13d,Jeffrey Graham,17,"97928 Mckee Plains Suite 993
South Ashlee, WA 91523"
c825b094-4188-4fd4-903d-bacaa34313d0,Samantha Elliott,25,"Unit 6631 Box 4416
DPO AP 65302"
157651f7-ce0b-4f52-a836-b2f58c94b234,Ryan King,41,"89324 Walker Isle Apt. 315
West Briana, MT 19737"
4abd0d23-1514-4708-ad6c-d4623aac1d52,Earl Phillips,31,"899 Mitchell Fields
Nunezview, FL 34957"
90003353-1336-47c5-aea1-e6ec66413970,Joshua Brown,17,"PSC 1973, Box 0558
APO AE 07788"
3be760cb-9cca-412a-a49b-6bf263ca2b6a,Sheri Sosa,18,"1741 Wells Rapid Suite 567
South David, AR 63362"
31182508-828e-4801-9d6b-89c77c76094f,Jessica Brock,23,"USNS Harrison
FPO AA 62142"
3d958d41-e1fe-49b1-962b-b57cc69eca57,Manuel Kerr,42,"2545 Christopher River
East Katrina, MT 54650"
d68b0340-75f9-44b6-8cbf-2a12fb450bb8,Jason Clark,18,"993 Peter Skyway
Lake Christinemouth, FL 29361"
a5380204-bfb8-413d-9013-f547a37304a1,Samuel Strickland,16,"2645 William Parks
Erinburgh, AZ 15347"
0a961442-cc3b-4498-8253-8e8396c7af55,Rebecca Gonzales,34,"08394 Christine Ways Apt. 578
Jordanberg, GA 71824"
82574d80-3650-43bf-b0a1-4bf1c60c6fe1,Bryan Armstrong,37,"5631 Wolf Port
West Staceybury, AK 31177"
0c29c541-6096-4d67-9a3c-eeee5bfafcdc,Allison Stephenson,37,"17199 Alexander Alley Suite 728
Christopherhaven, VA 10260"
9310dcf4-1be5-4f2d-9a62-e3f2e40e3c0f,Krystal Rose,25,"56719 Daniel Cliffs
Port Crystalville, IA 03114"
7aae88b6-e775-4cb2-a06f-78dc91372d49,Ronald Marshall,21,"84131 Grimes Unions
Samanthaburgh, NV 89978"
aad83337-ac6f-4de5-a12c-9364f0bcc86f,Charles Weaver,33,"31240 Nathan Springs
North Ruth, PA 12154"
f260b625-44f2-44f7-8a7e-c877cf8fa107,Dustin Mccoy,25,"25270 Perez Island
Vangburgh, TN 13360"
aa238b3e-f4bf-40ce-9e94-5787fecd5f40,Jenna Jones,23,"476 Edwin Loop
Port Pedro, RI 51357"
5564d14b-3c58-4b41-b761-863b944969b8,Heather Sutton,34,"Unit 4917 Box 6787
DPO AA 32318"
3c1fabe5-a384-4afa-bb3c-1f51ed05e9d0,Adam Bean,33,"725 Hancock Junction
Lake Travis, AL 14257"
fe916ca1-7bd2-4dc0-b91b-41115e413de9,Keith Gomez,18,"23837 Philip Neck
West Kelly, IA 13937"
2010524a-9be6-46bc-bdca-55efa6815782,Jennifer Gutierrez,17,"PSC 8089, Box 1729
APO AA 97948"
5b625b67-3bf4-439f-ad73-9dc9006c24c3,Brenda Todd,20,"9645 Roth Ford Suite 727
Flynnside, OR 27349"
d7e25d1f-5f48-4f18-a81e-cef4d70684fa,Kevin Gonzales,25,"660 Andrew Extensions
Bradleyshire, ME 68839"
cfe65e73-6d5f-434c-9e9a-dd25d9b387e3,Paul Nunez,33,"6157 Monica Valley
Sarabury, TN 61581"
da4136bf-e92d-4d25-9f3f-64bd4f833aab,John Kane,34,"578 Smith Roads
Jessicatown, PA 16706"
6feb0d18-ad8a-49c4-bfdc-8780db59b41c,Jacqueline Anthony,28,"509 Hickman Forge Suite 632
Austinbury, MO 39387"
fc57f915-9e2a-449e-a163-e4442a10a135,Ian Jackson,39,"94659 King Ranch Suite 686
Garciaport, RI 38212"
6f62211b-166b-4c03-af10-c4916a335f6b,Walter Orr,17,"USCGC Green
FPO AE 31785"
e48ca1a8-7977-495c-a22b-83383accaac3,Michael Daniels,35,"2456 Kim Plains
Erinhaven, VT 70969"
c9b796b7-ffd6-4f29-8647-589abd4512f4,Judith Adams,37,"5646 Vincent Path
Blackwellton, WV 35728"
df8492a7-a27e-47b6-b705-1d468e43c839,Stacey Vega,17,"31869 James Branch
Davidchester, ID 91031"
84d81fd7-5376-44ce-9938-dc22016062b7,Heather Martin,20,"306 Pearson Valleys
Erinburgh, AZ 65716"
f103210d-4f7b-4cee-b30a-52f449d01881,Kaitlyn Thornton,35,"31010 Avery Centers
South Stephentown, NV 82432"
33d290c2-b21c-4f38-bd1a-60147ad965ac,Shannon Smith,45,"8267 Sandoval Brook Suite 475
Sheriside, PA 42744"
96ff9056-f80e-4db2-afa7-e6b2b7eab992,Daniel Moran,16,"491 Louis Shoals
Port Melissachester, KY 91102"
a101eb6c-6d2a-47f9-968b-bae7257140e2,Brian Gonzalez,32,"00324 Joseph Spring
North Daniel, GA 54624"
980b24f3-c8ec-415d-a1a1-2f7517213b63,Troy Olson,29,"159 Hayes Village
Ashleystad, NC 19565"
f04498a4-fd70-42a7-a01a-8843cc1d10d9,Victor Brock,22,"521 Warren Bypass
West Jeremy, NV 06345"
48da614d-e972-465f-9643-157451a35cc7,Ryan Underwood,19,"191 Crosby Trafficway
Lisaborough, TN 45038"
a3e78d82-a7db-4f8a-95b3-5bc0af55d165,Catherine Mcintyre,28,"84542 Beverly Junction Apt. 739
Josephborough, AR 78482"
c9a07af4-afa3-419c-86a2-a866a6d0a041,Matthew Dunn,22,"2321 Bass Walk Apt. 978
Christinefort, KY 18958"
6f3623fb-e03b-464d-9b2f-47752e748600,Amy Griffin,29,"243 Quinn Mountains Apt. 129
North Josephview, WI 99847"
84f27bd9-0d26-4f84-b585-cca0e4bbd1d5,Stephen Green,17,"1761 Scott Cliffs Apt. 308
Lake Katherine, GA 99021"
aa5e3d77-a615-4ed4-ba2e-6b20ba889398,Sandra Fisher,26,"406 Harmon Ways Suite 369
Port Christopher, WI 59055"
a4825d9b-00d3-467a-a914-67d731d4d814,Jodi Price,18,"559 Brown Corners Suite 555
Ryanside, IA 93240"
84956860-5b1a-41e1-a68c-ab73d139bfc4,Sandra Kennedy,30,"192 Parker Overpass
Lake Susanstad, TX 99468"
11d604ae-a6ba-45ba-bbee-e91390b8a7ac,Amy Marshall,34,"60789 Walters Gardens
West Sean, IA 53106"
e48b17e9-c792-46f4-ae43-2c3cb6bd3cc4,Robert Powell,34,"44178 Beard Center
Bradyberg, MT 81755"
accf13bf-47c5-4751-b2c3-727603a5ba17,Erica Patel,29,"6356 Rivas Bridge
Thomasburgh, GA 54281"
ad64b06c-fc3d-448b-a6c2-dafaf2b44921,Julie Mathis,42,"8073 Kim Overpass
Williammouth, MD 55274"
87c211a2-000b-44ef-ac34-f34f19703e4f,Charles Torres,23,"8266 Smith Island Apt. 675
Levymouth, IL 21432"
7b829114-ff46-49e9-a112-7f3f737fe8e1,Jacqueline Burgess,23,"605 Allen River
North Gary, NJ 76970"
8af60fb3-5a93-4d02-96c6-4870b4d3decb,Cynthia Avila,31,"7755 Guzman Pass
Belindatown, NV 94289"
c92ae7e8-e82a-4600-b216-a00e81e96489,Patricia Hernandez,27,"17043 Morgan Locks Suite 792
South Joshua, CO 25269"
135ae3e2-d03d-41a8-9cdf-636c09c16e6f,Thomas Tucker,32,"478 Amanda Greens
East Angelafurt, NC 94690"
83e9753b-6b99-4c13-b33e-4b8dffc478e0,Joseph Austin,18,"98012 Monica Cape
Belindafort, AK 87221"
77ca8b10-f33c-4fc7-82b4-283467feff50,Brandon Robinson,39,"USNV Payne
FPO AE 73064"
ceb8bdcc-43d0-435c-8cf7-c9982e985970,Debra Torres,24,"86088 Peter Rest Suite 909
Hahnmouth, NJ 02055"
0ec1bd12-30f8-4ccb-8596-f333919a0273,Johnathan Lee,24,"3819 Cody Meadow
Dodsonbury, VA 41365"
3f4f3177-2c03-45f8-89c4-f38ff617136c,Justin Griffin,35,"9549 Morgan Turnpike
Lake Nancyview, CT 45451"
072d1dcf-5721-442f-84b7-e3676f2f9316,Robert Porter,40,"62536 David Stravenue Apt. 311
Jacobmouth, MD 66298"
18373c0e-f0d6-4ed4-bf43-83e00ebb4a6c,Carla Mcguire,28,"592 Cross Squares
Greenborough, LA 54163"
88898591-65e8-413e-88cb-7e50ba6725bd,Kristi Russo,33,"2856 Ryan Viaduct
Rebeccamouth, CO 30924"
487b9274-fffd-4896-bf1d-1fb9b3a8d46f,Meredith Wheeler,37,"36593 Ruiz Radial
Nelsonport, OK 98096"
db7159c2-a9a8-4954-b4a4-5440e50f2138,Eric Gomez,45,"4649 Gregory Viaduct
Ryanton, NM 67480"
5adc6faa-0d2d-45d7-9281-71694ee4722e,Alicia Mitchell,36,"8477 Green Village Suite 162
Jamesburgh, OH 61743"
d7d37735-8198-4738-8cec-8c4dd43cafb7,Deborah Shea,38,"14059 Kyle Fields Apt. 472
Stacymouth, VT 56591"
5e12afcd-a07a-4449-9fbc-2119ca95b2aa,Eric Villanueva,34,"7144 Kathryn Village
West Eugenemouth, CA 04927"
e8121632-3f72-438e-8e30-0abcd87e533b,Michelle Gillespie,36,"0440 Ashley Club Apt. 902
North Davidmouth, IA 80499"
993a6d5c-70ec-48e2-aa84-065fd173fd39,Melissa Welch,21,"693 Parker Street
Christinemouth, AK 63993"
1837ad67-7946-4fc6-8b01-2eafdf7cc2d4,Lisa Williams,43,"01606 Anderson Courts Suite 150
West Deborahmouth, NM 70990"
79c2ae3d-8a44-4df4-81c1-4ccb85ad0ce4,Michelle Martinez,37,"466 Sean Well
East David, TX 51500"
02676c43-e1d6-4857-951b-bd4695357d03,Christopher Johnson,43,"065 James Curve Apt. 799
Romanborough, OH 18672"
40dbc2e6-7d01-4f5f-9e5a-830bea949717,Kelly Gibson,17,"26423 Samantha Road
Jonesstad, SC 50947"
25307397-b6d9-43b4-99c6-7c34b5913561,Larry Carter,27,"60890 Jeffrey Extensions Apt. 427
Adamstad, MT 88102"
d975b6dc-50df-4a48-b71c-800a1903bb33,Carol Garcia,22,"USNS Gutierrez
FPO AE 60264"
49ef4b57-ab96-4b3d-a309-fe30f8cf5bbb,Gerald Mendoza,35,"918 Wilson Ranch
Dayfurt, FL 38578"
2cb3edde-5003-4052-a9de-86398c629ec8,Zachary Herman,18,"72971 Cameron Hollow Apt. 170
Scottton, SD 39572"
f6e5d38c-120d-4d69-87c3-dc9d8aeb3d2f,Jose Dyer,20,"1515 Brown Roads
New Cynthia, AK 52386"
da291459-f36d-4032-a6b9-5a434e0d4b8b,Randy Orr,20,"PSC 5969, Box 6962
APO AP 45783"
8af8e2ab-b1f0-4b67-85fe-78227bea20ec,Ryan Lynch,29,"637 Anderson Manor Suite 487
Ayalamouth, OK 09337"
ecb20e71-8552-468b-b85b-94aa8b96d49d,Jennifer Abbott,36,"504 Deborah Park
Port Andrewhaven, VA 46257"
e9a42c59-1d78-48e3-85f6-085cba0e615c,Robin Suarez,45,"929 Ewing Keys Suite 076
Port Joseph, WY 10941"
f8447697-2276-4715-b96d-0246b5e2abe1,Timothy Joyce,28,"871 Carlos Walks Suite 118
Hancockbury, NY 01416"
e72183f6-72fd-42e7-80a5-f911a7208d22,Stephen Barker,27,"7198 Blair Drive Suite 155
South Erikahaven, GA 87510"
91583068-9049-4ec3-9500-08bcf7630b36,Valerie Francis,37,"2592 Teresa Walks Apt. 726
Hillbury, MA 55133"
cc410d52-c17b-4b93-b07e-e217a75738c6,Michael Fitzgerald,31,"637 Olson Creek
New Paigechester, NJ 92337"
aeb49356-a90b-47ec-9290-0c464411f856,Tony Sparks,26,"0125 Ashley Shoal Apt. 801
West Tamiton, VT 05587"
ed43168a-b454-4260-8983-eabb9995209a,Diana Olson,27,"181 Evelyn Underpass Suite 005
East Fernandoville, TX 85797"
01ba0eca-6156-47e2-b168-1e3f65815205,Justin Rodriguez,27,"Unit 9479 Box 4188
DPO AE 33020"
07449bb5-f889-4caf-9781-d748998f7d60,Casey Hodges,19,"01330 Jeanne Vista Apt. 481
New Jonathonmouth, WI 09037"
519c2ffe-d5d3-4a1a-a77b-49667e5e3fed,Tony Brown,33,"8784 Kevin Fall Suite 743
Port William, UT 81600"
b4c0f82d-0771-4cc4-921e-c4ef35d0f7df,Heather Rodriguez,30,"491 Luna Knolls
New Edwintown, ND 96376"
d66fe172-cc5a-407c-acae-ce4e10f98729,Jessica Morris,30,"86632 Danielle Plaza Apt. 783
East Yvette, MO 99459"
5a5af59d-1190-4630-8e8b-d069a562f7c5,Brittney Shah,24,"886 Jamie Spurs
New Ashley, WI 09189"
bc69f218-8abd-4f6f-a1e1-68c30735ddd4,John James,29,"155 Jones Centers Suite 013
Markfort, CT 87345"
e266e1a6-976f-4a2e-ac30-17f2b0ec8fe4,Paul Kim,33,"6559 Craig Mountain Apt. 053
Georgefort, AR 10661"
e2b774ce-2bfd-41bc-8762-22534d651fb7,Kelsey Jones,20,"25059 Lewis Green Apt. 552
Myersmouth, HI 04465"
f7cf6ac8-0f89-4c00-ae1a-53b2da9231a6,Jeremy Hill,37,"44232 Walters Meadows
Lopezland, NY 75314"
31d15e1c-5e95-45dc-9a55-0925fbd910b5,Alexis Johnson,38,"79043 Jesus Valleys
Phelpstown, TX 11264"
166669bd-7e53-4aa5-98f6-7fcbd21a5c02,Kristin Wells,19,"2754 Katherine Groves
Lake Sharon, FL 35079"
40384db2-2439-43c2-bd2d-9a54688a3492,Kim Williams,29,"Unit 8965 Box 8278
DPO AP 45795"
fc7aedd3-04a7-4524-9da8-d7a80d577caa,Michelle Torres,19,"40392 Bell Walks
Mayborough, FL 13409"
063b213d-6ff1-4ab5-8b8f-080ab82cc2a6,Edward Jones,43,"USNS Martin
FPO AE 05233"
f1cce837-b559-4eed-a5b6-0bc4549bef06,Stephen Dickson,41,"49899 Ramos Stream Suite 885
Brewerside, AZ 95690"
f37af3fb-aa5e-4b79-828b-249ab6c236fe,Albert Wood,26,"Unit 5829 Box 2065
DPO AA 17422"
b47d65dd-26ae-465e-a844-f656dda4acbf,Jessica Waters,41,"487 Huang Station Suite 093
Lake Angela, MS 24454"
a02ccd58-a00d-4516-9e74-7d7187f5a69b,Krystal Woods,29,"918 Cook Alley Suite 702
West Elizabethfort, IN 59986"
8936e863-d0a5-4bbe-b307-b0535b06c6b8,Beth Daniels,28,"270 Deanna Plains
South Tina, ME 58703"
5e222141-428c-4b49-b031-fab7e64a9fb9,Christopher Davis DVM,29,"USS Hicks
FPO AA 12749"
b66d2104-20fd-47a6-b801-564963fb077f,Michael Castro,18,"8315 Juan Row Suite 005
Allenland, MD 27589"
ad55324b-21e5-422d-809d-3687b3e71b1e,Corey Moyer,39,"640 Vanessa Vista
Lake Annville, TN 59551"
5f9dfbb7-8bca-494a-802e-f11f12c9906a,Mark Jones,19,"02090 Ashley Land Suite 294
Port Chelseaport, DC 44228"
4aab1e06-0b34-4c07-a076-db68c1777e92,Ashley Ayala,30,"8718 Richard Islands
South Anthonyport, AZ 39014"
86202a99-82d4-4459-a3ef-905821d6c172,Joshua Williams,26,"667 Valdez Drive
Russellfurt, MI 93290"
0e1a4eee-a1ff-4f80-b041-73b5f6b1eebd,Kelly Wilson,26,"86963 Amanda Stravenue
Santosland, NY 28660"
0cd57aed-2997-45a3-ad81-fda63ad475f5,Lisa Padilla,24,"90234 Kennedy Fields Suite 918
North Kiara, MS 24859"
12d817b3-9b0a-470f-8e25-e4ad09f0e756,Robert Houston,32,"28549 Gregory Hills
Port Tammy, ME 20330"
1a5dcbb5-ca03-4b0b-b65b-3eff6975c62e,Chelsea Torres,34,"505 Robert Locks
North Teresa, LA 72947"
e6f51fd2-64af-4485-bf82-0072e53bdfaf,Lynn Tran,16,"54094 Kelley Harbors
Randychester, MA 26090"
413c2ec6-0279-40e5-adb4-2434f1ec7e9f,Deborah Stewart,43,"94089 Tonya Port Apt. 283
Raystad, ID 45843"
22f60715-cc1b-429f-913e-92c761b758a3,Cory Hendrix,44,"322 Jerry Flats Suite 201
Williamview, MA 63669"
dd40740a-8f18-4db5-919e-4fcaf5c35b8b,William Henderson,20,"04270 Joseph Tunnel
Rickyhaven, UT 40028"
5524e67c-e85e-4a08-96d4-c52d11a22215,Debra Stewart,42,"32636 Anthony Cliffs
Smithfort, NY 82069"
cf862a5b-bdf7-4a6c-b4c2-512f4c2c72b0,Carol Moore,26,"PSC 4624, Box 0928
APO AE 70655"
29bd6093-ba67-4319-8de3-68e36eefbae0,Jason Miller,44,"379 Alexander Landing Apt. 108
Macdonaldfort, WA 09256"
fb6fe8b6-447f-4bff-aa40-b055f74e6caa,Sarah Holt,45,"USNS Bell
FPO AP 76858"
e5f9b106-c584-4da5-9eee-9dd3726af027,David Lewis,20,"7094 Brown Parks Suite 150
Baileyport, IN 71584"
29077167-bc96-4c11-91c7-5603aa1f14db,April Johnson,39,"902 Lawrence Hollow Apt. 421
Brendahaven, DC 86950"
04cabeab-589e-4d94-9975-21dedb5b2cdc,Michael Morrison,25,"50348 Davis Prairie
Rogershaven, MA 03231"
8d597015-898f-4de0-8a40-fc4944fbdaf2,Kathleen Ford,22,"215 Stephen Loaf Apt. 602
Tammyshire, KS 40548"
06ea8de3-b2f1-4aa2-8208-56f57f97f456,Cody Williams,45,"3213 Calhoun Street
East Chadmouth, MS 47380"
1a06300f-719f-42ae-b490-09997ad01c8a,Timothy Long,44,"7192 Smith Forks
Ryanfort, IA 66992"
2ea01d23-cce8-45ee-8698-af6cb3d2bd32,Terri Jones,36,"6507 Cline Plaza Apt. 046
Mendozamouth, NY 32990"
7efa71b6-9cae-4cf7-87bb-87e8c2f93d77,Brandon Miller,20,"59878 Mercado Courts
Simmonsfurt, PA 36921"
cacf1aa1-750e-420c-a105-8ba2bc8e0fca,Jacob Reilly,20,"0889 Miller Ferry
Schmidthaven, OK 03971"
17e2cddf-4410-4b02-874c-11fbb2ba77b8,Patricia Ho,42,"65722 Oliver Throughway
Mendozachester, MD 75586"
eff6d601-2803-43e1-8179-96eb11403b3f,Kenneth Barker,30,"0228 Crawford Park Apt. 959
West Chrisport, WY 34908"
